<CustomCapabilityDescriptor xmlns="http://schemas.microsoft.com/appx/2016/sccd" xmlns:s="http://schemas.microsoft.com/appx/2016/sccd"><CustomCapabilities><CustomCapability Name="Microsoft.classicAppCompat_8wekyb3d8bbwe"></CustomCapability></CustomCapabilities><AuthorizedEntities><AuthorizedEntity AppPackageFamilyName="PythonSoftwareFoundation.Python.3.7_qbz5n2kfra8p0" CertificateSignatureHash="0000000000000000000000000000000000000000000000000000000000000000"></AuthorizedEntity><AuthorizedEntity AppPackageFamilyName="PythonSoftwareFoundation.Python.3.8_qbz5n2kfra8p0" CertificateSignatureHash="0000000000000000000000000000000000000000000000000000000000000000"></AuthorizedEntity><AuthorizedEntity AppPackageFamilyName="PythonSoftwareFoundation.Python.3.9_qbz5n2kfra8p0" CertificateSignatureHash="0000000000000000000000000000000000000000000000000000000000000000"></AuthorizedEntity><AuthorizedEntity AppPackageFamilyName="PythonSoftwareFoundation.Python.3.10_qbz5n2kfra8p0" CertificateSignatureHash="0000000000000000000000000000000000000000000000000000000000000000"></AuthorizedEntity><AuthorizedEntity AppPackageFamilyName="PythonSoftwareFoundation.Python.3.11_qbz5n2kfra8p0" CertificateSignatureHash="0000000000000000000000000000000000000000000000000000000000000000"></AuthorizedEntity><AuthorizedEntity AppPackageFamilyName="PythonSoftwareFoundation.Python.3.12_qbz5n2kfra8p0" CertificateSignatureHash="0000000000000000000000000000000000000000000000000000000000000000"></AuthorizedEntity><AuthorizedEntity AppPackageFamilyName="PythonSoftwareFoundation.Python.3.13_qbz5n2kfra8p0" CertificateSignatureHash="0000000000000000000000000000000000000000000000000000000000000000"></AuthorizedEntity><AuthorizedEntity AppPackageFamilyName="PythonSoftwareFoundation.Python.3.14_qbz5n2kfra8p0" CertificateSignatureHash="0000000000000000000000000000000000000000000000000000000000000000"></AuthorizedEntity><AuthorizedEntity AppPackageFamilyName="PythonSoftwareFoundation.Python.3.15_qbz5n2kfra8p0" CertificateSignatureHash="0000000000000000000000000000000000000000000000000000000000000000"></AuthorizedEntity><AuthorizedEntity AppPackageFamilyName="PythonSoftwareFoundation.Python.3.7_qbz5n2kfra8p0" CertificateSignatureHash="279cd652c4e252bfbe5217ac722205d7729ba409148cfa9e6d9e5b1cb94eaff1"></AuthorizedEntity><AuthorizedEntity AppPackageFamilyName="PythonSoftwareFoundation.Python.3.8_qbz5n2kfra8p0" CertificateSignatureHash="279cd652c4e252bfbe5217ac722205d7729ba409148cfa9e6d9e5b1cb94eaff1"></AuthorizedEntity><AuthorizedEntity AppPackageFamilyName="PythonSoftwareFoundation.Python.3.9_qbz5n2kfra8p0" CertificateSignatureHash="279cd652c4e252bfbe5217ac722205d7729ba409148cfa9e6d9e5b1cb94eaff1"></AuthorizedEntity><AuthorizedEntity AppPackageFamilyName="PythonSoftwareFoundation.Python.3.10_qbz5n2kfra8p0" CertificateSignatureHash="279cd652c4e252bfbe5217ac722205d7729ba409148cfa9e6d9e5b1cb94eaff1"></AuthorizedEntity><AuthorizedEntity AppPackageFamilyName="PythonSoftwareFoundation.Python.3.11_qbz5n2kfra8p0" CertificateSignatureHash="279cd652c4e252bfbe5217ac722205d7729ba409148cfa9e6d9e5b1cb94eaff1"></AuthorizedEntity><AuthorizedEntity AppPackageFamilyName="PythonSoftwareFoundation.Python.3.12_qbz5n2kfra8p0" CertificateSignatureHash="279cd652c4e252bfbe5217ac722205d7729ba409148cfa9e6d9e5b1cb94eaff1"></AuthorizedEntity><AuthorizedEntity AppPackageFamilyName="PythonSoftwareFoundation.Python.3.13_qbz5n2kfra8p0" CertificateSignatureHash="279cd652c4e252bfbe5217ac722205d7729ba409148cfa9e6d9e5b1cb94eaff1"></AuthorizedEntity><AuthorizedEntity AppPackageFamilyName="PythonSoftwareFoundation.Python.3.14_qbz5n2kfra8p0" CertificateSignatureHash="279cd652c4e252bfbe5217ac722205d7729ba409148cfa9e6d9e5b1cb94eaff1"></AuthorizedEntity><AuthorizedEntity AppPackageFamilyName="PythonSoftwareFoundation.Python.3.15_qbz5n2kfra8p0" CertificateSignatureHash="279cd652c4e252bfbe5217ac722205d7729ba409148cfa9e6d9e5b1cb94eaff1"></AuthorizedEntity></AuthorizedEntities></CustomCapabilityDescriptor>